protein_sequence,dna_sequence,predicted_value,predicted_class,prob_class_neg,prob_class_pos
DEALVAGPEGKGSEAGTRKKLRLYQFLLGLLTRGDMRECVWWVEPGAGVFQFSSKHKELLARRWGQQKGNRKRMTYQKLARALRNYAKTGEIRKVKRKLTYQFDSALLPAVRRA,xTATACTGCTTAGGTGAAGAAGCAGGAACCTACAATCATTA,6.00221061706543,0,0.48033687472343445,0.5196631550788879
DEALVAGPEGKGSEAGTRKKLRLYQFLLGLLTRGDMRECVWWVEPGAGVFQFSSKHKELLARRWGQQKGNRKRMTYQKLARALRNYAKTGEIRKVKRKLTYQFDSALLPAVRRA,xGTGTACAATCTACCATGAGTTGCTGTTTTCAGTCATAGAG,4.500883102416992,0,0.4714002311229706,0.528599739074707
DEALVAGPEGKGSEAGTRKKLRLYQFLLGLLTRGDMRECVWWVEPGAGVFQFSSKHKELLARRWGQQKGNRKRMTYQKLARALRNYAKTGEIRKVKRKLTYQFDSALLPAVRRA,xCAAGAACTACTTATTTGACTTCTGCTCCCTTCTGCTTGCT,6.102043151855469,0,0.4836430847644806,0.5163569450378418
DEALVAGPEGKGSEAGTRKKLRLYQFLLGLLTRGDMRECVWWVEPGAGVFQFSSKHKELLARRWGQQKGNRKRMTYQKLARALRNYAKTGEIRKVKRKLTYQFDSALLPAVRRA,xGAAGCCACATCTTTCTTACTTCCTGCGTAATATCCTCTGC,6.366199016571045,0,0.48291903734207153,0.5170809626579285
DEALVAGPEGKGSEAGTRKKLRLYQFLLGLLTRGDMRECVWWVEPGAGVFQFSSKHKELLARRWGQQKGNRKRMTYQKLARALRNYAKTGEIRKVKRKLTYQFDSALLPAVRRA,xTCACCCAATAAAAACCCAAAACAGGAAACCATGACAAATA,6.129998207092285,0,0.48654502630233765,0.5134549736976624
DEALVAGPEGKGSEAGTRKKLRLYQFLLGLLTRGDMRECVWWVEPGAGVFQFSSKHKELLARRWGQQKGNRKRMTYQKLARALRNYAKTGEIRKVKRKLTYQFDSALLPAVRRA,xGCTGCCCGCGCGCGGGTACTTCCGGTGGACGCAAGGCCTG,6.199856758117676,0,0.4842236340045929,0.5157763957977295
DEALVAGPEGKGSEAGTRKKLRLYQFLLGLLTRGDMRECVWWVEPGAGVFQFSSKHKELLARRWGQQKGNRKRMTYQKLARALRNYAKTGEIRKVKRKLTYQFDSALLPAVRRA,xATCTGCTCCTCTAGGGTGGATGCGGAAGCTGCACTGCCCG,6.6935224533081055,0,0.4744115173816681,0.5255884528160095
DEALVAGPEGKGSEAGTRKKLRLYQFLLGLLTRGDMRECVWWVEPGAGVFQFSSKHKELLARRWGQQKGNRKRMTYQKLARALRNYAKTGEIRKVKRKLTYQFDSALLPAVRRA,xCGCCCGATGCACCAGCAGCTTCCCTCTTCAGAAGTAGTCT,6.006004810333252,0,0.4839329421520233,0.5160670280456543
DEALVAGPEGKGSEAGTRKKLRLYQFLLGLLTRGDMRECVWWVEPGAGVFQFSSKHKELLARRWGQQKGNRKRMTYQKLARALRNYAKTGEIRKVKRKLTYQFDSALLPAVRRA,xTTTCCTCAGGAGGTTTCACTACCTCTTTTATAAACTGTTA,5.971173286437988,0,0.48281770944595337,0.5171822905540466
DEALVAGPEGKGSEAGTRKKLRLYQFLLGLLTRGDMRECVWWVEPGAGVFQFSSKHKELLARRWGQQKGNRKRMTYQKLARALRNYAKTGEIRKVKRKLTYQFDSALLPAVRRA,xCAATCTGTTGTAATTTTAAAAGAGGAAGTGTGTGATAGTT,7.856279373168945,0,0.472998708486557,0.5270012617111206
